{"cameraMode":{"drawMode":0,"name":"Shaded","section":"Shading Mode"},"sceneLighting":false,"audioPlay":false,"sceneViewState":{"m_AlwaysRefresh":false,"showFog":false,"showSkybox":false,"showFlares":false,"showImageEffects":false,"showParticleSystems":false,"showVisualEffectGraphs":true,"m_FxEnabled":true},"in2DMode":false,"pivot":{"x":0.26733434200286868,"y":1.0746537446975709,"z":-0.24289369583129884},"rotation":{"x":-0.021542781963944436,"y":0.9670953750610352,"z":-0.08757629245519638,"w":-0.2378937304019928},"size":1.475542426109314,"orthographic":false}