{"cameraMode":{"drawMode":0,"name":"Shaded","section":"Shading Mode"},"sceneLighting":false,"audioPlay":false,"sceneViewState":{"m_AlwaysRefresh":false,"showFog":false,"showSkybox":false,"showFlares":false,"showImageEffects":false,"showParticleSystems":false,"showVisualEffectGraphs":true,"m_FxEnabled":true},"in2DMode":false,"pivot":{"x":0.048632144927978519,"y":0.879807710647583,"z":-0.24011754989624024},"rotation":{"x":-0.021966705098748208,"y":0.9630396962165833,"z":-0.08284153789281845,"w":-0.25536349415779116},"size":0.8927246928215027,"orthographic":false}